tag_id,tag_name,tag_code,tag_category_l1,tag_category_l2,tag_subject_key,applicable_product,applicable_market_region,tag_value_type,tag_value_field_type,tag_value_desc,tag_status,business_definition,stat_period,update_frequency,data_latency,source_table,output_table,output_field,schedule_task_name,has_monitor,business_owner,data_owner,replacement_tag_code,offline_reason,offline_date,requirement_doc_url,current_version,online_date,latest_update_time,remark
TAG202605140001,昵称,user_nickname,用户基础标签,账号属性,uuid,Lovart,海外,string,STRING,昵称,已上线,昵称,截至统计分区,日,T+1,"dws_ad_uuid_user_profile_df_1d,ods_w_user_df",dws_ad_uuid_user_profile_df_1d,nickname,dws_ad_uuid_user_profile_df_1d,,,fengjun,,,,,v1.0,20260514,2026/5/14 15:38,
TAG202605140002,头像,user_avatar,用户基础标签,账号属性,uuid,Lovart,海外,string,STRING,头像,已上线,头像,截至统计分区,日,T+1,"dws_ad_uuid_user_profile_df_1d,ods_w_user_df",dws_ad_uuid_user_profile_df_1d,avatar,dws_ad_uuid_user_profile_df_1d,,,fengjun,,,,,v1.0,20260514,2026/5/14 15:38,
TAG202605140003,用户状态,user_status,用户基础标签,账号属性,uuid,Lovart,海外,string,STRING,用户状态,已上线,用户状态,截至统计分区,日,T+1,"dws_ad_uuid_user_profile_df_1d,ods_w_user_df",dws_ad_uuid_user_profile_df_1d,status,dws_ad_uuid_user_profile_df_1d,,,fengjun,,,,,v1.0,20260514,2026/5/14 15:38,
TAG202605140004,用户状态ID,user_status_id,用户基础标签,账号属性,uuid,Lovart,海外,number,BIGINT,用户状态ID,已上线,用户状态ID,截至统计分区,日,T+1,"ods_w_user_df,dws_ad_uuid_user_profile_df_1d",dws_ad_uuid_user_profile_df_1d,status_id,dws_ad_uuid_user_profile_df_1d,,,fengjun,,,,,v1.0,20260514,2026/5/14 15:38,
TAG202605140005,首次绑定CID,user_first_bind_cid,用户基础标签,渠道来源,uuid,Lovart,海外,string,STRING,首次绑定CID,已上线,首次绑定CID,首次,日,T+1,"dws_ad_user_activity_index_di_1d,dws_ad_uuid_user_profile_df_1d",dws_ad_uuid_user_profile_df_1d,first_bind_cid,dws_ad_uuid_user_profile_df_1d,,,fengjun,,,,,v1.0,20260514,2026/5/14 15:38,
TAG202605140006,首次访问日期,user_first_access_pt,用户行为标签,登录访问行为,uuid,Lovart,海外,string,STRING,首次访问日期,已上线,首次访问日期,首次,日,T+1,dws_ad_uuid_user_profile_df_1d,dws_ad_uuid_user_profile_df_1d,first_access_pt,dws_ad_uuid_user_profile_df_1d,,,fengjun,,,,,v1.0,20260514,2026/5/14 15:38,
TAG202605140007,最后一个访问日期使用的第一个CID,user_last_record_cid,用户基础标签,渠道来源,uuid,Lovart,海外,string,STRING,最后一个访问日期使用的第一个CID,已上线,最后一个访问日期使用的第一个CID,最近一次,日,T+1,"dws_ad_user_activity_index_di_1d,dws_ad_uuid_user_profile_df_1d",dws_ad_uuid_user_profile_df_1d,last_record_cid,dws_ad_uuid_user_profile_df_1d,,,fengjun,,,,,v1.0,20260514,2026/5/14 15:38,
TAG202605140008,最后访问日期,user_last_access_pt,用户行为标签,登录访问行为,uuid,Lovart,海外,string,STRING,最后访问日期,已上线,最后访问日期,最近一次,日,T+1,dws_ad_uuid_user_profile_df_1d,dws_ad_uuid_user_profile_df_1d,last_access_pt,dws_ad_uuid_user_profile_df_1d,,,fengjun,,,,,v1.0,20260514,2026/5/14 15:38,
TAG202605140009,访问日期列表,user_active_pt_list,用户行为标签,登录访问行为,uuid,Lovart,海外,array,ARRAY<STRING>,数组字段，详见字段注释：访问日期列表,已上线,访问日期列表,历史日期列表,日,T+1,dws_ad_uuid_user_profile_df_1d,dws_ad_uuid_user_profile_df_1d,active_pt_list,dws_ad_uuid_user_profile_df_1d,,,fengjun,,,,,v1.0,20260514,2026/5/14 15:38,
TAG202605140010,画布使用日期列表,user_canvas_pt_list,用户行为标签,创作行为,uuid,Lovart,海外,array,ARRAY<STRING>,数组字段，详见字段注释：画布使用日期列表,已上线,画布使用日期列表,历史日期列表,日,T+1,"dws_ad_uuid_user_profile_df_1d,dws_ad_user_activity_index_di_1d",dws_ad_uuid_user_profile_df_1d,canvas_pt_list,dws_ad_uuid_user_profile_df_1d,,,fengjun,,,,,v1.0,20260514,2026/5/14 15:38,
TAG202605140011,Agent使用日期列表,user_agent_pt_list,用户行为标签,创作行为,uuid,Lovart,海外,array,ARRAY<STRING>,数组字段，详见字段注释：Agent使用日期列表,已上线,Agent使用日期列表,历史日期列表,日,T+1,"dws_ad_uuid_user_profile_df_1d,dws_ad_user_activity_index_di_1d",dws_ad_uuid_user_profile_df_1d,agent_pt_list,dws_ad_uuid_user_profile_df_1d,,,fengjun,,,,,v1.0,20260514,2026/5/14 15:38,
TAG202605140012,生图日期列表,user_sd_pt_list,用户行为标签,创作行为,uuid,Lovart,海外,array,ARRAY<STRING>,数组字段，详见字段注释：生图日期列表,已上线,生图日期列表,历史日期列表,日,T+1,"dws_ad_user_activity_index_di_1d,dws_ad_uuid_user_profile_df_1d",dws_ad_uuid_user_profile_df_1d,sd_pt_list,dws_ad_uuid_user_profile_df_1d,,,fengjun,,,,,v1.0,20260514,2026/5/14 15:38,
TAG202605140013,复制日期列表,user_copy_pt_list,用户行为标签,创作行为,uuid,Lovart,海外,array,ARRAY<STRING>,数组字段，详见字段注释：复制日期列表,已上线,复制日期列表,历史日期列表,日,T+1,dws_ad_uuid_user_profile_df_1d,dws_ad_uuid_user_profile_df_1d,copy_pt_list,dws_ad_uuid_user_profile_df_1d,,,fengjun,,,,,v1.0,20260514,2026/5/14 15:38,
TAG202605140014,下载日期列表,user_download_pt_list,用户行为标签,导出发布行为,uuid,Lovart,海外,array,ARRAY<STRING>,数组字段，详见字段注释：下载日期列表,已上线,下载日期列表,历史日期列表,日,T+1,dws_ad_uuid_user_profile_df_1d,dws_ad_uuid_user_profile_df_1d,download_pt_list,dws_ad_uuid_user_profile_df_1d,,,fengjun,,,,,v1.0,20260514,2026/5/14 15:38,
TAG202605140015,收藏日期列表,user_collect_pt_list,用户行为标签,社区互动行为,uuid,Lovart,海外,array,ARRAY<STRING>,数组字段，详见字段注释：收藏日期列表,已上线,收藏日期列表,历史日期列表,日,T+1,dws_ad_uuid_user_profile_df_1d,dws_ad_uuid_user_profile_df_1d,collect_pt_list,dws_ad_uuid_user_profile_df_1d,,,fengjun,,,,,v1.0,20260514,2026/5/14 15:38,
TAG202605140016,分享日期列表,user_share_pt_list,用户行为标签,社区互动行为,uuid,Lovart,海外,array,ARRAY<STRING>,数组字段，详见字段注释：分享日期列表,已上线,分享日期列表,历史日期列表,日,T+1,dws_ad_uuid_user_profile_df_1d,dws_ad_uuid_user_profile_df_1d,share_pt_list,dws_ad_uuid_user_profile_df_1d,,,fengjun,,,,,v1.0,20260514,2026/5/14 15:38,
TAG202605140017,点赞日期列表,user_like_pt_list,用户行为标签,社区互动行为,uuid,Lovart,海外,array,ARRAY<STRING>,数组字段，详见字段注释：点赞日期列表,已上线,点赞日期列表,历史日期列表,日,T+1,dws_ad_uuid_user_profile_df_1d,dws_ad_uuid_user_profile_df_1d,like_pt_list,dws_ad_uuid_user_profile_df_1d,,,fengjun,,,,,v1.0,20260514,2026/5/14 15:38,
TAG202605140018,点踩日期列表,user_hate_pt_list,用户行为标签,社区互动行为,uuid,Lovart,海外,array,ARRAY<STRING>,数组字段，详见字段注释：点踩日期列表,已上线,点踩日期列表,历史日期列表,日,T+1,dws_ad_uuid_user_profile_df_1d,dws_ad_uuid_user_profile_df_1d,hate_pt_list,dws_ad_uuid_user_profile_df_1d,,,fengjun,,,,,v1.0,20260514,2026/5/14 15:38,
TAG202605140019,评论日期列表,user_comment_pt_list,用户行为标签,社区互动行为,uuid,Lovart,海外,array,ARRAY<STRING>,数组字段，详见字段注释：评论日期列表,已上线,评论日期列表,历史日期列表,日,T+1,dws_ad_uuid_user_profile_df_1d,dws_ad_uuid_user_profile_df_1d,comment_pt_list,dws_ad_uuid_user_profile_df_1d,,,fengjun,,,,,v1.0,20260514,2026/5/14 15:38,
TAG202605140020,是否VIP,user_is_vip,用户会员标签,会员身份,uuid,Lovart,海外,string,STRING,是否VIP,已上线,是否VIP,截至统计分区,日,T+1,dws_ad_uuid_member_profile_df,dws_ad_uuid_user_profile_df_1d,is_vip,dws_ad_uuid_user_profile_df_1d,,,fengjun,,,,,v1.0,20260514,2026/5/14 15:38,
TAG202605140021,VIP类型,user_vip_type,用户会员标签,会员身份,uuid,Lovart,海外,string,STRING,VIP类型,已上线,VIP类型,截至统计分区,日,T+1,dws_ad_uuid_member_profile_df,dws_ad_uuid_user_profile_df_1d,vip_type,dws_ad_uuid_user_profile_df_1d,,,fengjun,,,,,v1.0,20260514,2026/5/14 15:38,
TAG202605140022,付费日期列表,user_pay_pt_list,用户会员标签,付费行为,uuid,Lovart,海外,array,ARRAY<STRING>,数组字段，详见字段注释：付费日期列表,已上线,付费日期列表,历史日期列表,日,T+1,"dws_ad_user_activity_index_di_1d,dws_ad_uuid_user_profile_df_1d",dws_ad_uuid_user_profile_df_1d,pay_pt_list,dws_ad_uuid_user_profile_df_1d,,,fengjun,,,,,v1.0,20260514,2026/5/14 15:38,
TAG202605140023,会员付费日期列表,user_member_pay_pt_list,用户会员标签,付费行为,uuid,Lovart,海外,array,ARRAY<STRING>,数组字段，详见字段注释：会员付费日期列表。不含充值,已上线,会员付费日期列表。不含充值,历史日期列表,日,T+1,"dws_ad_uuid_user_profile_df_1d,dwd_c_order_detail_df",dws_ad_uuid_user_profile_df_1d,member_pay_pt_list,dws_ad_uuid_user_profile_df_1d,,,fengjun,,,,,v1.0,20260514,2026/5/14 15:38,
TAG202605140024,充值付费日期列表,user_recharge_pay_pt_list,用户会员标签,付费行为,uuid,Lovart,海外,array,ARRAY<STRING>,数组字段，详见字段注释：充值付费日期列表。不含购买会员商品,已上线,充值付费日期列表。不含购买会员商品,历史日期列表,日,T+1,"dwd_c_order_detail_df,dws_ad_uuid_user_profile_df_1d",dws_ad_uuid_user_profile_df_1d,recharge_pay_pt_list,dws_ad_uuid_user_profile_df_1d,,,fengjun,,,,,v1.0,20260514,2026/5/14 15:38,
TAG202605140025,会员剩余天数,user_member_left_days,用户会员标签,会员周期,uuid,Lovart,海外,number,BIGINT,会员剩余天数,已上线,会员剩余天数,截至统计分区,日,T+1,dws_ad_uuid_member_profile_df,dws_ad_uuid_user_profile_df_1d,member_left_days,dws_ad_uuid_user_profile_df_1d,,,fengjun,,,,,v1.0,20260514,2026/5/14 15:38,
TAG202605140026,用户事件map,user_event_map,用户行为标签,行为汇总,uuid,Lovart,海外,string,"MAP<STRING,BIGINT>",Map结构字段，详见字段注释：用户事件map,已上线,用户事件map,截至统计分区,日,T+1,dws_ad_user_activity_index_di_1d,dws_ad_uuid_user_profile_df_1d,event_map,dws_ad_uuid_user_profile_df_1d,,,fengjun,,,,,v1.0,20260514,2026/5/14 15:38,
TAG202605140027,用户事件总数,user_event_count,用户行为标签,行为汇总,uuid,Lovart,海外,number,BIGINT,用户事件总数,已上线,用户事件总数,截至统计分区,日,T+1,dws_ad_user_activity_index_di_1d,dws_ad_uuid_user_profile_df_1d,event_count,dws_ad_uuid_user_profile_df_1d,,,fengjun,,,,,v1.0,20260514,2026/5/14 15:38,
TAG202605140028,行为日期列表,user_behave_pt_list,用户行为标签,行为汇总,uuid,Lovart,海外,array,ARRAY<STRING>,数组字段，详见字段注释：行为日期列表,已上线,行为日期列表,历史日期列表,日,T+1,"dws_ad_uuid_user_profile_df_1d,dws_ad_user_activity_index_di_1d",dws_ad_uuid_user_profile_df_1d,behave_pt_list,dws_ad_uuid_user_profile_df_1d,,,fengjun,,,,,v1.0,20260514,2026/5/14 15:38,
TAG202605140029,初始算力余额,user_init_power_balance,用户会员标签,算力消耗,uuid,Lovart,海外,number,BIGINT,初始算力余额,已上线,初始算力余额,截至统计分区,日,T+1,"ods_c_power_trans_log_di,dws_ad_uuid_user_profile_df_1d",dws_ad_uuid_user_profile_df_1d,init_power_balance,dws_ad_uuid_user_profile_df_1d,,,fengjun,,,,,v1.0,20260514,2026/5/14 15:38,
TAG202605140030,最终算力余额,user_final_power_balance,用户会员标签,算力消耗,uuid,Lovart,海外,number,BIGINT,最终算力余额,已上线,最终算力余额,截至统计分区,日,T+1,"ods_c_power_trans_log_di,dws_ad_uuid_user_profile_df_1d",dws_ad_uuid_user_profile_df_1d,final_power_balance,dws_ad_uuid_user_profile_df_1d,,,fengjun,,,,,v1.0,20260514,2026/5/14 15:38,
TAG202605140031,增加的算力点数,user_increase_power,用户会员标签,算力消耗,uuid,Lovart,海外,number,BIGINT,增加的算力点数,已上线,增加的算力点数,截至统计分区,日,T+1,ods_c_power_trans_log_di,dws_ad_uuid_user_profile_df_1d,increase_power,dws_ad_uuid_user_profile_df_1d,,,fengjun,,,,,v1.0,20260514,2026/5/14 15:38,
TAG202605140032,消耗的算力点数,user_decrease_power,用户会员标签,算力消耗,uuid,Lovart,海外,number,BIGINT,消耗的算力点数。包含团队版,已上线,消耗的算力点数。包含团队版,截至统计分区,日,T+1,"ods_c_power_trans_log_di,ods_cc_e_team_power_trans_log_df",dws_ad_uuid_user_profile_df_1d,decrease_power,dws_ad_uuid_user_profile_df_1d,,,fengjun,,,,,v1.0,20260514,2026/5/14 15:38,
TAG202605140033,赠送的算力点数,user_gift_power,用户会员标签,算力消耗,uuid,Lovart,海外,number,BIGINT,赠送的算力点数,已上线,赠送的算力点数,截至统计分区,日,T+1,ods_c_power_trans_log_di,dws_ad_uuid_user_profile_df_1d,gift_power,dws_ad_uuid_user_profile_df_1d,,,fengjun,,,,,v1.0,20260514,2026/5/14 15:38,
TAG202605140034,Agent消耗的算力点数,user_agent_consume_power,用户会员标签,算力消耗,uuid,Lovart,海外,number,BIGINT,Agent消耗的算力点数,已上线,Agent消耗的算力点数,截至统计分区,日,T+1,ods_c_power_trans_log_di,dws_ad_uuid_user_profile_df_1d,agent_consume_power,dws_ad_uuid_user_profile_df_1d,,,fengjun,,,,,v1.0,20260514,2026/5/14 15:38,
TAG202605140035,对话数,user_dialog_thread_cnt,用户行为标签,创作行为,uuid,Lovart,海外,number,BIGINT,对话数,已上线,对话数,截至统计分区,日,T+1,ods_w_project_agent_thread_df,dws_ad_uuid_user_profile_df_1d,dialog_thread_cnt,dws_ad_uuid_user_profile_df_1d,,,fengjun,,,,,v1.0,20260514,2026/5/14 15:38,
TAG202605140036,支付订单数,user_pay_order_cnt,用户会员标签,付费行为,uuid,Lovart,海外,number,BIGINT,支付订单数,已上线,支付订单数,截至统计分区,日,T+1,dwd_c_order_detail_df,dws_ad_uuid_user_profile_df_1d,pay_order_cnt,dws_ad_uuid_user_profile_df_1d,,,fengjun,,,,,v1.0,20260514,2026/5/14 15:38,
TAG202605140037,支付金额,user_pay_amount,用户会员标签,付费行为,uuid,Lovart,海外,number,"DECIMAL(38,18)",支付金额,已上线,支付金额,截至统计分区,日,T+1,dwd_c_order_detail_df,dws_ad_uuid_user_profile_df_1d,pay_amount,dws_ad_uuid_user_profile_df_1d,,,fengjun,,,,,v1.0,20260514,2026/5/14 15:38,
TAG202605140038,JWL申请日期,user_jwl_apply_pt,用户行为标签,工具使用行为,uuid,Lovart,海外,string,STRING,JWL申请日期,已上线,JWL申请日期,截至统计分区,日,T+1,ods_w_lovart_waitlist_df_1d,dws_ad_uuid_user_profile_df_1d,jwl_apply_pt,dws_ad_uuid_user_profile_df_1d,,,fengjun,,,,,v1.0,20260514,2026/5/14 15:38,
TAG202605140039,JWL发放日期,user_jwl_give_pt,用户行为标签,工具使用行为,uuid,Lovart,海外,string,STRING,JWL发放日期,已上线,JWL发放日期,截至统计分区,日,T+1,ods_w_lovart_waitlist_df_1d,dws_ad_uuid_user_profile_df_1d,jwl_give_pt,dws_ad_uuid_user_profile_df_1d,,,fengjun,,,,,v1.0,20260514,2026/5/14 15:38,
TAG202605140040,邀请码核销日期,user_invite_code_verified_pt,用户基础标签,渠道来源,uuid,Lovart,海外,string,STRING,邀请码核销日期,已上线,邀请码核销日期,截至统计分区,日,T+1,ods_op_experience_referral_relationship_df,dws_ad_uuid_user_profile_df_1d,invite_code_verified_pt,dws_ad_uuid_user_profile_df_1d,,,fengjun,,,,,v1.0,20260514,2026/5/14 15:38,
TAG202605140041,邀请人UUID,user_inviter_uuid,用户基础标签,渠道来源,uuid,Lovart,海外,string,STRING,邀请人UUID,已上线,邀请人UUID,截至统计分区,日,T+1,ods_op_experience_referral_relationship_df,dws_ad_uuid_user_profile_df_1d,inviter_uuid,dws_ad_uuid_user_profile_df_1d,,,fengjun,,,,,v1.0,20260514,2026/5/14 15:38,
TAG202605140042,是否显示付费墙,user_show_paywall,用户会员标签,付费行为,uuid,Lovart,海外,string,STRING,是否显示付费墙,已上线,是否显示付费墙,截至统计分区,日,T+1,dws_ad_user_activity_index_di_1d,dws_ad_uuid_user_profile_df_1d,show_paywall,dws_ad_uuid_user_profile_df_1d,,,fengjun,,,,,v1.0,20260514,2026/5/14 15:38,
TAG202605140043,是否主动显示付费墙,user_initiative_show_paywall,用户会员标签,付费行为,uuid,Lovart,海外,string,STRING,是否主动显示付费墙,已上线,是否主动显示付费墙,截至统计分区,日,T+1,dws_ad_user_activity_index_di_1d,dws_ad_uuid_user_profile_df_1d,initiative_show_paywall,dws_ad_uuid_user_profile_df_1d,,,fengjun,,,,,v1.0,20260514,2026/5/14 15:38,
TAG202605140044,是否被动显示付费墙,user_passive_show_paywall,用户会员标签,付费行为,uuid,Lovart,海外,string,STRING,是否被动显示付费墙,已上线,是否被动显示付费墙,截至统计分区,日,T+1,dws_ad_user_activity_index_di_1d,dws_ad_uuid_user_profile_df_1d,passive_show_paywall,dws_ad_uuid_user_profile_df_1d,,,fengjun,,,,,v1.0,20260514,2026/5/14 15:38,
TAG202605140045,是否点击去付费,user_click2pay,用户会员标签,付费行为,uuid,Lovart,海外,string,STRING,是否点击去付费,已上线,是否点击去付费,截至统计分区,日,T+1,dws_ad_user_activity_index_di_1d,dws_ad_uuid_user_profile_df_1d,click2pay,dws_ad_uuid_user_profile_df_1d,,,fengjun,,,,,v1.0,20260514,2026/5/14 15:38,
TAG202605140046,是否签约会员,user_is_sign_member,用户会员标签,会员身份,uuid,Lovart,海外,string,STRING,是否签约会员。仅对在期会员生效,已上线,是否签约会员。仅对在期会员生效,截至统计分区,日,T+1,dwd_ad_c_trade_order_detail_df_1d,dws_ad_uuid_user_profile_df_1d,is_sign_member,dws_ad_uuid_user_profile_df_1d,,,fengjun,,,,,v1.0,20260514,2026/5/14 15:38,
TAG202605140047,会员订单流水ID,user_member_trade_biz_id,用户会员标签,付费行为,uuid,Lovart,海外,string,STRING,会员订单流水ID,已上线,会员订单流水ID,截至统计分区,日,T+1,ods_c_member_account_df,dws_ad_uuid_user_profile_df_1d,member_trade_biz_id,dws_ad_uuid_user_profile_df_1d,,,fengjun,,,,,v1.0,20260514,2026/5/14 15:38,
TAG202605140048,会员签约单流水ID,user_member_contract_sign_biz_id,用户会员标签,付费行为,uuid,Lovart,海外,string,STRING,会员签约单流水ID。仅对在期签约会员有效,已上线,会员签约单流水ID。仅对在期签约会员有效,截至统计分区,日,T+1,dwd_ad_c_trade_order_detail_df_1d,dws_ad_uuid_user_profile_df_1d,member_contract_sign_biz_id,dws_ad_uuid_user_profile_df_1d,,,fengjun,,,,,v1.0,20260514,2026/5/14 15:38,
TAG202605140049,会员签约日期,user_member_contract_sign_pt,用户会员标签,付费行为,uuid,Lovart,海外,string,STRING,会员签约日期。最新的会员签约日期。仅对在期签约会员有效,已上线,会员签约日期。最新的会员签约日期。仅对在期签约会员有效,截至统计分区,日,T+1,dwd_ad_c_trade_order_detail_df_1d,dws_ad_uuid_user_profile_df_1d,member_contract_sign_pt,dws_ad_uuid_user_profile_df_1d,,,fengjun,,,,,v1.0,20260514,2026/5/14 15:38,
TAG202605140050,会员取消日期,user_member_contract_cancel_pt,用户会员标签,付费行为,uuid,Lovart,海外,string,STRING,会员取消日期。最新的会员取消日期。仅对在期签约会员有效,已上线,会员取消日期。最新的会员取消日期。仅对在期签约会员有效,截至统计分区,日,T+1,dwd_ad_c_trade_order_detail_df_1d,dws_ad_uuid_user_profile_df_1d,member_contract_cancel_pt,dws_ad_uuid_user_profile_df_1d,,,fengjun,,,,,v1.0,20260514,2026/5/14 15:38,
TAG202605140051,会员签约状态,user_member_sign_status,用户会员标签,付费行为,uuid,Lovart,海外,string,STRING,会员签约状态。签约中、已取消。仅对在期签约会员有效,已上线,会员签约状态。签约中、已取消。仅对在期签约会员有效,截至统计分区,日,T+1,dwd_ad_c_trade_order_detail_df_1d,dws_ad_uuid_user_profile_df_1d,member_sign_status,dws_ad_uuid_user_profile_df_1d,,,fengjun,,,,,v1.0,20260514,2026/5/14 15:38,
TAG202605140052,自动续费状态,user_auto_renew_status,用户会员标签,续费退款,uuid,Lovart,海外,string,STRING,自动续费状态。当用户前一日的会员剩余天数为1时，才统计此值，否则值被设置为「null」。仅对在期签约会员有效,已上线,自动续费状态。当用户前一日的会员剩余天数为1时，才统计此值，否则值被设置为「null」。仅对在期签约会员有效,截至统计分区,日,T+1,"dwd_ad_c_trade_order_detail_df_1d,dws_ad_uuid_user_profile_df_1d,dws_ad_uuid_member_profile_df",dws_ad_uuid_user_profile_df_1d,auto_renew_status,dws_ad_uuid_user_profile_df_1d,,,fengjun,,,,,v1.0,20260514,2026/5/14 15:38,
TAG202605140053,手动续费状态,user_manual_renew_status,用户会员标签,续费退款,uuid,Lovart,海外,string,STRING,手动续费状态。当用户前一日的会员剩余天数为0时，才统计此值，否则值被设置为「null」,已上线,手动续费状态。当用户前一日的会员剩余天数为0时，才统计此值，否则值被设置为「null」,截至统计分区,日,T+1,"dws_ad_uuid_user_profile_df_1d,dws_ad_uuid_member_profile_df",dws_ad_uuid_user_profile_df_1d,manual_renew_status,dws_ad_uuid_user_profile_df_1d,,,fengjun,,,,,v1.0,20260514,2026/5/14 15:38,
TAG202605140054,被弹付费墙日期列表,user_psv_paywall_pt_list,用户会员标签,付费行为,uuid,Lovart,海外,array,ARRAY<STRING>,数组字段，详见字段注释：被弹付费墙日期列表,已上线,被弹付费墙日期列表,历史日期列表,日,T+1,"dws_ad_user_activity_index_di_1d,dws_ad_uuid_user_profile_df_1d",dws_ad_uuid_user_profile_df_1d,psv_paywall_pt_list,dws_ad_uuid_user_profile_df_1d,,,fengjun,,,,,v1.0,20260514,2026/5/14 15:38,
TAG202605140055,Agent API调用次数,user_agent_api_call_times,用户行为标签,创作行为,uuid,Lovart,海外,number,BIGINT,Agent API调用次数,已上线,Agent API调用次数,截至统计分区,日,T+1,dws_ad_user_model_index_di_1d,dws_ad_uuid_user_profile_df_1d,agent_api_call_times,dws_ad_uuid_user_profile_df_1d,,,fengjun,,,,,v1.0,20260514,2026/5/14 15:38,
TAG202605140056,Agent API调用成本,user_agent_api_cost,用户会员标签,成本消耗,uuid,Lovart,海外,number,"DECIMAL(38,18)",Agent API调用成本,已上线,Agent API调用成本,截至统计分区,日,T+1,dws_ad_user_model_index_di_1d,dws_ad_uuid_user_profile_df_1d,agent_api_cost,dws_ad_uuid_user_profile_df_1d,,,fengjun,,,,,v1.0,20260514,2026/5/14 15:38,
TAG202605140057,会员到期时间,user_member_end_time,用户会员标签,会员周期,uuid,Lovart,海外,string,DATETIME,会员到期时间,已上线,会员到期时间,截至统计分区,日,T+1,dws_ad_uuid_member_profile_df,dws_ad_uuid_user_profile_df_1d,member_end_time,dws_ad_uuid_user_profile_df_1d,,,fengjun,,,,,v1.0,20260514,2026/5/14 15:38,
TAG202605140058,对话输入数,user_dialog_input_cnt,用户行为标签,创作行为,uuid,Lovart,海外,number,BIGINT,对话输入数,已上线,对话输入数,截至统计分区,日,T+1,ods_w_project_agent_thread_df,dws_ad_uuid_user_profile_df_1d,dialog_input_cnt,dws_ad_uuid_user_profile_df_1d,,,fengjun,,,,,v1.0,20260514,2026/5/14 15:38,
TAG202605140059,邮箱,user_email,用户基础标签,账号属性,uuid,Lovart,海外,string,STRING,邮箱,已上线,邮箱,截至统计分区,日,T+1,"dws_ad_uuid_user_profile_df_1d,ods_w_user_df",dws_ad_uuid_user_profile_df_1d,email,dws_ad_uuid_user_profile_df_1d,,,fengjun,,,,,v1.0,20260514,2026/5/14 15:38,
TAG202605140060,历史总支付订单数,user_total_pay_order_cnt,用户会员标签,付费行为,uuid,Lovart,海外,number,BIGINT,历史总支付订单数,已上线,历史总支付订单数,历史累计,日,T+1,"dws_ad_uuid_user_profile_df_1d,dwd_c_order_detail_df",dws_ad_uuid_user_profile_df_1d,total_pay_order_cnt,dws_ad_uuid_user_profile_df_1d,,,fengjun,,,,,v1.0,20260514,2026/5/14 15:38,
TAG202605140061,历史总支付金额,user_total_pay_amount,用户会员标签,付费行为,uuid,Lovart,海外,number,"DECIMAL(38,18)",历史总支付金额,已上线,历史总支付金额,历史累计,日,T+1,"dwd_c_order_detail_df,dws_ad_uuid_user_profile_df_1d",dws_ad_uuid_user_profile_df_1d,total_pay_amount,dws_ad_uuid_user_profile_df_1d,,,fengjun,,,,,v1.0,20260514,2026/5/14 15:38,
TAG202605140062,历史总计消耗算力点数,user_total_decrease_power,用户会员标签,算力消耗,uuid,Lovart,海外,number,BIGINT,历史总计消耗算力点数,已上线,历史总计消耗算力点数,历史累计,日,T+1,"ods_cc_e_team_power_trans_log_df,ods_c_power_trans_log_df",dws_ad_uuid_user_profile_df_1d,total_decrease_power,dws_ad_uuid_user_profile_df_1d,,,fengjun,,,,,v1.0,20260514,2026/5/14 15:38,
TAG202605140063,生成媒体数,user_generate_media_cnt,用户行为标签,创作行为,uuid,Lovart,海外,number,BIGINT,生成媒体数。媒体：图片、视频、音频,已上线,生成媒体数。媒体：图片、视频、音频,截至统计分区,日,T+1,"ods_w_user_image_detail_df_1d,dwd_ad_agent_media_output_df",dws_ad_uuid_user_profile_df_1d,generate_media_cnt,dws_ad_uuid_user_profile_df_1d,,,fengjun,,,,,v1.0,20260514,2026/5/14 15:38,
TAG202605140064,导出媒体数,user_export_media_cnt,用户行为标签,导出发布行为,uuid,Lovart,海外,number,BIGINT,导出媒体数,已上线,导出媒体数,截至统计分区,日,T+1,dwd_ad_media_export_di_1d,dws_ad_uuid_user_profile_df_1d,export_media_cnt,dws_ad_uuid_user_profile_df_1d,,,fengjun,,,,,v1.0,20260514,2026/5/14 15:38,
TAG202605140065,导出自己生成的媒体数,user_export_self_gen_media_cnt,用户行为标签,导出发布行为,uuid,Lovart,海外,number,BIGINT,导出自己生成的媒体数,已上线,导出自己生成的媒体数,截至统计分区,日,T+1,dwd_ad_media_export_di_1d,dws_ad_uuid_user_profile_df_1d,export_self_gen_media_cnt,dws_ad_uuid_user_profile_df_1d,,,fengjun,,,,,v1.0,20260514,2026/5/14 15:38,
TAG202605140066,Agent生成媒体数,user_agent_generate_media_cnt,用户行为标签,创作行为,uuid,Lovart,海外,number,BIGINT,Agent生成媒体数,已上线,Agent生成媒体数,截至统计分区,日,T+1,"ods_w_user_image_detail_df_1d,dwd_ad_agent_media_output_df",dws_ad_uuid_user_profile_df_1d,agent_generate_media_cnt,dws_ad_uuid_user_profile_df_1d,,,fengjun,,,,,v1.0,20260514,2026/5/14 15:38,
TAG202605140067,Agent导出媒体数,user_agent_export_media_cnt,用户行为标签,导出发布行为,uuid,Lovart,海外,number,BIGINT,Agent导出媒体数,已上线,Agent导出媒体数,截至统计分区,日,T+1,dwd_ad_media_export_di_1d,dws_ad_uuid_user_profile_df_1d,agent_export_media_cnt,dws_ad_uuid_user_profile_df_1d,,,fengjun,,,,,v1.0,20260514,2026/5/14 15:38,
TAG202605140068,Agent导出自己生成的媒体数,user_agent_export_self_gen_media_cnt,用户行为标签,导出发布行为,uuid,Lovart,海外,number,BIGINT,Agent导出自己生成的媒体数,已上线,Agent导出自己生成的媒体数,截至统计分区,日,T+1,dwd_ad_media_export_di_1d,dws_ad_uuid_user_profile_df_1d,agent_export_self_gen_media_cnt,dws_ad_uuid_user_profile_df_1d,,,fengjun,,,,,v1.0,20260514,2026/5/14 15:38,
TAG202605140069,生成器生成媒体数,user_generator_generate_media_cnt,用户行为标签,创作行为,uuid,Lovart,海外,number,BIGINT,生成器生成媒体数,已上线,生成器生成媒体数,截至统计分区,日,T+1,"ods_w_user_image_detail_df_1d,dwd_ad_agent_media_output_df",dws_ad_uuid_user_profile_df_1d,generator_generate_media_cnt,dws_ad_uuid_user_profile_df_1d,,,fengjun,,,,,v1.0,20260514,2026/5/14 15:38,
TAG202605140070,导出生成器生成媒体数,user_generator_export_media_cnt,用户行为标签,导出发布行为,uuid,Lovart,海外,number,BIGINT,导出生成器生成媒体数,已上线,导出生成器生成媒体数,截至统计分区,日,T+1,dwd_ad_media_export_di_1d,dws_ad_uuid_user_profile_df_1d,generator_export_media_cnt,dws_ad_uuid_user_profile_df_1d,,,fengjun,,,,,v1.0,20260514,2026/5/14 15:38,
TAG202605140071,导出自己生成器生成的媒体数,user_generator_export_self_gen_media_cnt,用户行为标签,导出发布行为,uuid,Lovart,海外,number,BIGINT,导出自己生成器生成的媒体数,已上线,导出自己生成器生成的媒体数,截至统计分区,日,T+1,dwd_ad_media_export_di_1d,dws_ad_uuid_user_profile_df_1d,generator_export_self_gen_media_cnt,dws_ad_uuid_user_profile_df_1d,,,fengjun,,,,,v1.0,20260514,2026/5/14 15:38,
TAG202605140072,反作弊评级,user_af_level,用户风险标签,账号风险,uuid,Lovart,海外,string,STRING,反作弊评级,已上线,反作弊评级,截至统计分区,日,T+1,ods_ai_w_user_ext_df,dws_ad_uuid_user_profile_df_1d,af_level,dws_ad_uuid_user_profile_df_1d,,,fengjun,,,,,v1.0,20260514,2026/5/14 15:38,
TAG202605140073,反作弊注册设备ID,user_af_register_device_id,用户风险标签,账号风险,uuid,Lovart,海外,string,STRING,反作弊注册设备ID,已上线,反作弊注册设备ID,截至统计分区,日,T+1,ods_ai_w_user_ext_df,dws_ad_uuid_user_profile_df_1d,af_register_device_id,dws_ad_uuid_user_profile_df_1d,,,fengjun,,,,,v1.0,20260514,2026/5/14 15:38,
TAG202605140074,反作弊最后登录设备ID,user_af_last_login_device_id,用户风险标签,账号风险,uuid,Lovart,海外,string,STRING,反作弊最后登录设备ID,已上线,反作弊最后登录设备ID,最近一次,日,T+1,ods_ai_w_user_ext_df,dws_ad_uuid_user_profile_df_1d,af_last_login_device_id,dws_ad_uuid_user_profile_df_1d,,,fengjun,,,,,v1.0,20260514,2026/5/14 15:38,
TAG202605140075,反作弊原因,user_af_reason,用户风险标签,账号风险,uuid,Lovart,海外,string,STRING,反作弊原因,已上线,反作弊原因,截至统计分区,日,T+1,ods_ai_w_user_ext_df,dws_ad_uuid_user_profile_df_1d,af_reason,dws_ad_uuid_user_profile_df_1d,,,fengjun,,,,,v1.0,20260514,2026/5/14 15:38,
TAG202605140076,首次访问国家,user_first_visit_country,用户基础标签,地域语言,uuid,Lovart,海外,string,STRING,首次访问国家,已上线,首次访问国家,首次,日,T+1,dws_ad_cid_user_profile_df_1d,dws_ad_uuid_user_profile_df_1d,first_visit_country,dws_ad_uuid_user_profile_df_1d,,,fengjun,,,,,v1.0,20260514,2026/5/14 15:38,
TAG202605140077,首次访问渠道类型,user_first_visit_channel_type,用户基础标签,渠道来源,uuid,Lovart,海外,string,STRING,首次访问渠道类型,已上线,首次访问渠道类型,首次,日,T+1,dws_ad_cid_user_profile_df_1d,dws_ad_uuid_user_profile_df_1d,first_visit_channel_type,dws_ad_uuid_user_profile_df_1d,,,fengjun,,,,,v1.0,20260514,2026/5/14 15:38,
TAG202605140078,首次访问渠道代码,user_first_visit_channel_code,用户基础标签,渠道来源,uuid,Lovart,海外,string,STRING,首次访问渠道代码,已上线,首次访问渠道代码,首次,日,T+1,dws_ad_cid_user_profile_df_1d,dws_ad_uuid_user_profile_df_1d,first_visit_channel_code,dws_ad_uuid_user_profile_df_1d,,,fengjun,,,,,v1.0,20260514,2026/5/14 15:38,
TAG202605140079,过期算力点数,user_expired_pay_power,用户会员标签,算力消耗,uuid,Lovart,海外,number,BIGINT,过期算力点数。应该包括会员算力过期和付费算力过期,已上线,过期算力点数。应该包括会员算力过期和付费算力过期,截至统计分区,日,T+1,ods_c_power_trans_log_di,dws_ad_uuid_user_profile_df_1d,expired_pay_power,dws_ad_uuid_user_profile_df_1d,,,fengjun,,,,,v1.0,20260514,2026/5/14 15:38,
TAG202605140080,消耗的付费算力点数,user_decrease_pay_power,用户会员标签,算力消耗,uuid,Lovart,海外,number,BIGINT,消耗的付费算力点数,已上线,消耗的付费算力点数,截至统计分区,日,T+1,"ods_c_power_trans_log_di,ods_c_power_account_df",dws_ad_uuid_user_profile_df_1d,decrease_pay_power,dws_ad_uuid_user_profile_df_1d,,,fengjun,,,,,v1.0,20260514,2026/5/14 15:38,
TAG202605140081,消耗的免费算力点数,user_decrease_free_power,用户会员标签,算力消耗,uuid,Lovart,海外,number,BIGINT,消耗的免费算力点数,已上线,消耗的免费算力点数,截至统计分区,日,T+1,"ods_c_power_trans_log_di,ods_c_power_account_df",dws_ad_uuid_user_profile_df_1d,decrease_free_power,dws_ad_uuid_user_profile_df_1d,,,fengjun,,,,,v1.0,20260514,2026/5/14 15:38,
TAG202605140082,用户支付订单，按天统计,user_pays,用户会员标签,付费行为,uuid,Lovart,海外,array,"ARRAY<STRUCT<`day`:STRING, `count`:BIGINT, amount:DECIMAL(38,18)>>",数组字段，详见字段注释：用户支付订单，按天统计,已上线,用户支付订单，按天统计,截至统计分区,日,T+1,dwd_c_order_detail_df,dws_ad_uuid_user_profile_df_1d,pays,dws_ad_uuid_user_profile_df_1d,,,fengjun,,,,,v1.0,20260514,2026/5/14 15:38,
TAG202605140083,用户支付订单按天分摊,user_amortize_pays,用户会员标签,付费行为,uuid,Lovart,海外,string,"MAP<STRING,DOUBLE>",Map结构字段，详见字段注释：用户支付订单按天分摊。key：日期，value：金额,已上线,用户支付订单按天分摊。key：日期，value：金额,截至统计分区,日,T+1,dwd_c_order_amortization_df_1d,dws_ad_uuid_user_profile_df_1d,amortize_pays,dws_ad_uuid_user_profile_df_1d,,,fengjun,,,,,v1.0,20260514,2026/5/14 15:38,
TAG202605140084,待续费签约单ID,user_to_renew_contract_biz_id,用户会员标签,续费退款,uuid,Lovart,海外,string,STRING,待续费签约单ID。当前按照业务指31天前（不含统计日期）的签约单,已上线,待续费签约单ID。当前按照业务指31天前（不含统计日期）的签约单,截至统计分区,日,T+1,dwd_c_order_detail_df,dws_ad_uuid_user_profile_df_1d,to_renew_contract_biz_id,dws_ad_uuid_user_profile_df_1d,,,fengjun,,,,,v1.0,20260514,2026/5/14 15:38,
TAG202605140085,续费状态,user_renew_status,用户会员标签,续费退款,uuid,Lovart,海外,string,STRING,续费状态。【已续费｜改签｜已取消｜代扣未成功】,已上线,续费状态。【已续费｜改签｜已取消｜代扣未成功】,截至统计分区,日,T+1,"dwd_c_order_detail_df,dws_ad_uuid_member_profile_df,dwd_ad_c_trade_order_detail_df_1d",dws_ad_uuid_user_profile_df_1d,renew_status,dws_ad_uuid_user_profile_df_1d,,,fengjun,,,,,v1.0,20260514,2026/5/14 15:38,
TAG202605140086,已经不可变的签约单ID,user_historical_renew_contract_biz_id,用户会员标签,续费退款,uuid,Lovart,海外,string,STRING,已经不可变的签约单ID。35天前（不含统计日期）的签约单,已上线,已经不可变的签约单ID。35天前（不含统计日期）的签约单,历史累计,日,T+1,dwd_c_order_detail_df,dws_ad_uuid_user_profile_df_1d,historical_renew_contract_biz_id,dws_ad_uuid_user_profile_df_1d,,,fengjun,,,,,v1.0,20260514,2026/5/14 15:38,
TAG202605140087,已经不可变的续签状态,user_historical_renew_status,用户会员标签,续费退款,uuid,Lovart,海外,string,STRING,已经不可变的续签状态。【已续费｜改签｜已取消｜代扣失败】,已上线,已经不可变的续签状态。【已续费｜改签｜已取消｜代扣失败】,历史累计,日,T+1,"dwd_c_order_detail_df,dws_ad_uuid_member_profile_df,dwd_ad_c_trade_order_detail_df_1d",dws_ad_uuid_user_profile_df_1d,historical_renew_status,dws_ad_uuid_user_profile_df_1d,,,fengjun,,,,,v1.0,20260514,2026/5/14 15:38,
TAG202605140088,续费订单数,user_renew_order_cnt,用户会员标签,续费退款,uuid,Lovart,海外,number,BIGINT,续费订单数,已上线,续费订单数,截至统计分区,日,T+1,"dwd_ad_c_trade_order_detail_df_1d,dwd_c_order_detail_df",dws_ad_uuid_user_profile_df_1d,renew_order_cnt,dws_ad_uuid_user_profile_df_1d,,,fengjun,,,,,v1.0,20260514,2026/5/14 15:38,
TAG202605140089,续费金额,user_renew_amount,用户会员标签,续费退款,uuid,Lovart,海外,number,"DECIMAL(38,18)",续费金额,已上线,续费金额,截至统计分区,日,T+1,"dwd_ad_c_trade_order_detail_df_1d,dwd_c_order_detail_df",dws_ad_uuid_user_profile_df_1d,renew_amount,dws_ad_uuid_user_profile_df_1d,,,fengjun,,,,,v1.0,20260514,2026/5/14 15:38,
TAG202605140090,成本,user_costs,用户会员标签,成本消耗,uuid,Lovart,海外,string,"MAP<STRING,DOUBLE>",Map结构字段，详见字段注释：成本,已上线,成本,截至统计分区,日,T+1,"ods_t_agent_payment_df_1d,ods_t_generator_payment_df",dws_ad_uuid_user_profile_df_1d,costs,dws_ad_uuid_user_profile_df_1d,,,fengjun,,,,,v1.0,20260514,2026/5/14 15:38,
TAG202605140091,续费日期列表,user_renew_pt_list,用户会员标签,续费退款,uuid,Lovart,海外,array,ARRAY<STRING>,数组字段，详见字段注释：续费日期列表,已上线,续费日期列表,历史日期列表,日,T+1,dwd_c_order_detail_df,dws_ad_uuid_user_profile_df_1d,renew_pt_list,dws_ad_uuid_user_profile_df_1d,,,fengjun,,,,,v1.0,20260514,2026/5/14 15:38,
TAG202605140092,续费,user_renews,用户会员标签,续费退款,uuid,Lovart,海外,string,"MAP<STRING,DOUBLE>",Map结构字段，详见字段注释：续费,已上线,续费,截至统计分区,日,T+1,dwd_c_order_detail_df,dws_ad_uuid_user_profile_df_1d,renews,dws_ad_uuid_user_profile_df_1d,,,fengjun,,,,,v1.0,20260514,2026/5/14 15:38,
TAG202605140093,首次访问IP,user_first_visit_ip,用户基础标签,账号属性,uuid,Lovart,海外,string,STRING,首次访问IP,已上线,首次访问IP,首次,日,T+1,dws_ad_cid_user_profile_df_1d,dws_ad_uuid_user_profile_df_1d,first_visit_ip,dws_ad_uuid_user_profile_df_1d,,,fengjun,,,,,v1.0,20260514,2026/5/14 15:38,
TAG202605140094,是否删除,user_deleted,用户基础标签,账号属性,uuid,Lovart,海外,number,BIGINT,是否删除,已上线,是否删除,截至统计分区,日,T+1,ods_w_user_df,dws_ad_uuid_user_profile_df_1d,deleted,dws_ad_uuid_user_profile_df_1d,,,fengjun,,,,,v1.0,20260514,2026/5/14 15:38,
TAG202605140095,对应CID的首访日期,user_cid_first_access_pt,用户基础标签,渠道来源,uuid,Lovart,海外,string,STRING,对应CID的首访日期,已上线,对应CID的首访日期,首次,日,T+1,dws_ad_cid_user_profile_df_1d,dws_ad_uuid_user_profile_df_1d,cid_first_access_pt,dws_ad_uuid_user_profile_df_1d,,,fengjun,,,,,v1.0,20260514,2026/5/14 15:38,
TAG202605140096,是否赠送会员,user_is_gift_member,用户会员标签,会员身份,uuid,Lovart,海外,string,STRING,是否赠送会员,已上线,是否赠送会员,截至统计分区,日,T+1,dws_ad_uuid_member_profile_df,dws_ad_uuid_user_profile_df_1d,is_gift_member,dws_ad_uuid_user_profile_df_1d,,,fengjun,,,,,v1.0,20260514,2026/5/14 15:38,
TAG202605140097,注册时间,user_signup_time,用户基础标签,账号属性,uuid,Lovart,海外,string,DATETIME,注册时间,已上线,注册时间,截至统计分区,日,T+1,"dws_ad_user_activity_index_di_1d,ods_w_user_df,dws_ad_uuid_user_profile_df_1d,dws_ad_cid_user_profile_df_1d",dws_ad_uuid_user_profile_df_1d,signup_time,dws_ad_uuid_user_profile_df_1d,,,fengjun,,,,,v1.0,20260514,2026/5/14 15:38,
TAG202605140098,消耗的个人算力,user_decrease_individual_power,用户会员标签,算力消耗,uuid,Lovart,海外,number,BIGINT,消耗的个人算力,已上线,消耗的个人算力,截至统计分区,日,T+1,ods_c_power_trans_log_di,dws_ad_uuid_user_profile_df_1d,decrease_individual_power,dws_ad_uuid_user_profile_df_1d,,,fengjun,,,,,v1.0,20260514,2026/5/14 15:38,
TAG202605140099,消费的团队算力,user_decrease_team_power,用户会员标签,算力消耗,uuid,Lovart,海外,number,BIGINT,消费的团队算力,已上线,消费的团队算力,截至统计分区,日,T+1,ods_cc_e_team_power_trans_log_df,dws_ad_uuid_user_profile_df_1d,decrease_team_power,dws_ad_uuid_user_profile_df_1d,,,fengjun,,,,,v1.0,20260514,2026/5/14 15:38,
TAG202605140100,首次访问时间,user_first_visit_time,用户行为标签,登录访问行为,uuid,Lovart,海外,string,DATETIME,首次访问时间,已上线,首次访问时间,首次,日,T+1,dws_ad_cid_user_profile_df_1d,dws_ad_uuid_user_profile_df_1d,first_visit_time,dws_ad_uuid_user_profile_df_1d,,,fengjun,,,,,v1.0,20260514,2026/5/14 15:38,
TAG202605140101,首次访问clickid,user_first_visit_clickid,用户行为标签,登录访问行为,uuid,Lovart,海外,string,STRING,首次访问clickid,已上线,首次访问clickid,首次,日,T+1,dws_ad_cid_user_profile_df_1d,dws_ad_uuid_user_profile_df_1d,first_visit_clickid,dws_ad_uuid_user_profile_df_1d,,,fengjun,,,,,v1.0,20260514,2026/5/14 15:38,
TAG202605140102,首次访问UTM来源,user_first_visit_utm_source,用户行为标签,登录访问行为,uuid,Lovart,海外,string,STRING,首次访问UTM来源,已上线,首次访问UTM来源,首次,日,T+1,dws_ad_cid_user_profile_df_1d,dws_ad_uuid_user_profile_df_1d,first_visit_utm_source,dws_ad_uuid_user_profile_df_1d,,,fengjun,,,,,v1.0,20260514,2026/5/14 15:38,
TAG202605140103,首次访问UTM媒介,user_first_visit_utm_medium,用户行为标签,登录访问行为,uuid,Lovart,海外,string,STRING,首次访问UTM媒介,已上线,首次访问UTM媒介,首次,日,T+1,dws_ad_cid_user_profile_df_1d,dws_ad_uuid_user_profile_df_1d,first_visit_utm_medium,dws_ad_uuid_user_profile_df_1d,,,fengjun,,,,,v1.0,20260514,2026/5/14 15:38,
TAG202605140104,首次访问UTM活动,user_first_visit_utm_campaign,用户行为标签,登录访问行为,uuid,Lovart,海外,string,STRING,首次访问UTM活动,已上线,首次访问UTM活动,首次,日,T+1,dws_ad_cid_user_profile_df_1d,dws_ad_uuid_user_profile_df_1d,first_visit_utm_campaign,dws_ad_uuid_user_profile_df_1d,,,fengjun,,,,,v1.0,20260514,2026/5/14 15:38,
TAG202605140105,首次访问UTM关键词,user_first_visit_utm_term,用户行为标签,登录访问行为,uuid,Lovart,海外,string,STRING,首次访问UTM关键词,已上线,首次访问UTM关键词,首次,日,T+1,dws_ad_cid_user_profile_df_1d,dws_ad_uuid_user_profile_df_1d,first_visit_utm_term,dws_ad_uuid_user_profile_df_1d,,,fengjun,,,,,v1.0,20260514,2026/5/14 15:38,
TAG202605140106,首次访问UTM内容,user_first_visit_utm_content,用户行为标签,登录访问行为,uuid,Lovart,海外,string,STRING,首次访问UTM内容,已上线,首次访问UTM内容,首次,日,T+1,dws_ad_cid_user_profile_df_1d,dws_ad_uuid_user_profile_df_1d,first_visit_utm_content,dws_ad_uuid_user_profile_df_1d,,,fengjun,,,,,v1.0,20260514,2026/5/14 15:38,
TAG202605140107,首次访问日志,user_first_visit_log,用户行为标签,登录访问行为,uuid,Lovart,海外,string,STRING,首次访问日志,已上线,首次访问日志,首次,日,T+1,dws_ad_cid_user_profile_df_1d,dws_ad_uuid_user_profile_df_1d,first_visit_log,dws_ad_uuid_user_profile_df_1d,,,fengjun,,,,,v1.0,20260514,2026/5/14 15:38,
TAG202605140108,首次支付时间,user_first_pay_time,用户会员标签,付费行为,uuid,Lovart,海外,string,DATETIME,首次支付时间,已上线,首次支付时间,首次,日,T+1,dws_ad_uuid_cp_user_profile_df,dws_ad_uuid_user_profile_df_1d,first_pay_time,dws_ad_uuid_user_profile_df_1d,,,fengjun,,,,,v1.0,20260514,2026/5/14 15:38,
TAG202605140109,首次支付金额,user_first_pay_amount,用户会员标签,付费行为,uuid,Lovart,海外,number,"DECIMAL(38,18)",首次支付金额,已上线,首次支付金额,首次,日,T+1,dws_ad_uuid_cp_user_profile_df,dws_ad_uuid_user_profile_df_1d,first_pay_amount,dws_ad_uuid_user_profile_df_1d,,,fengjun,,,,,v1.0,20260514,2026/5/14 15:38,
TAG202605140110,是否英语用户: 1=是 0=否,user_is_en_user,用户基础标签,账号属性,uuid,Lovart,海外,string,STRING,是否英语用户: 1=是 0=否,已上线,是否英语用户: 1=是 0=否,截至统计分区,日,T+1,"dws_ad_cid_user_profile_df_1d,dim_user_lang_judge_df_1d",dws_ad_uuid_user_profile_df_1d,is_en_user,dws_ad_uuid_user_profile_df_1d,,,fengjun,,,,,v1.0,20260514,2026/5/14 15:38,
TAG202605140111,是否曾经是VIP.y: 是;n: 否,user_ever_vip,用户会员标签,会员身份,uuid,Lovart,海外,string,STRING,是否曾经是VIP.y: 是;n: 否,已上线,是否曾经是VIP.y: 是;n: 否,历史累计,日,T+1,"dwd_c_order_detail_df,dws_ad_uuid_member_profile_df",dws_ad_uuid_cp_user_profile_df,ever_vip,dws_ad_uuid_cp_user_profile_df,,,fengjun,,,,,v1.0,20260514,2026/5/14 15:38,
TAG202605140112,首次支付支付单ID,user_first_pay_id,用户会员标签,付费行为,uuid,Lovart,海外,number,BIGINT,首次支付支付单ID,已上线,首次支付支付单ID,首次,日,T+1,dwd_c_order_detail_df,dws_ad_uuid_cp_user_profile_df,first_pay_id,dws_ad_uuid_cp_user_profile_df,,,fengjun,,,,,v1.0,20260514,2026/5/14 15:38,
TAG202605140113,首次支付业务流水号,user_first_pay_biz_id,用户会员标签,付费行为,uuid,Lovart,海外,string,STRING,首次支付业务流水号,已上线,首次支付业务流水号,首次,日,T+1,dwd_c_order_detail_df,dws_ad_uuid_cp_user_profile_df,first_pay_biz_id,dws_ad_uuid_cp_user_profile_df,,,fengjun,,,,,v1.0,20260514,2026/5/14 15:38,
TAG202605140114,首次支付时间,user_first_pay_pt,用户会员标签,付费行为,uuid,Lovart,海外,string,STRING,首次支付时间,已上线,首次支付时间,首次,日,T+1,dwd_c_order_detail_df,dws_ad_uuid_cp_user_profile_df,first_pay_pt,dws_ad_uuid_cp_user_profile_df,,,fengjun,,,,,v1.0,20260514,2026/5/14 15:38,
TAG202605140115,首次支付SKU,user_first_pay_sku,用户会员标签,付费行为,uuid,Lovart,海外,string,STRING,首次支付SKU,已上线,首次支付SKU,首次,日,T+1,dwd_c_order_detail_df,dws_ad_uuid_cp_user_profile_df,first_pay_sku,dws_ad_uuid_cp_user_profile_df,,,fengjun,,,,,v1.0,20260514,2026/5/14 15:38,
TAG202605140116,首次支付VIP类型,user_first_pay_vip_type,用户会员标签,会员身份,uuid,Lovart,海外,string,STRING,首次支付VIP类型,已上线,首次支付VIP类型,首次,日,T+1,dws_ad_uuid_member_profile_df,dws_ad_uuid_cp_user_profile_df,first_pay_vip_type,dws_ad_uuid_cp_user_profile_df,,,fengjun,,,,,v1.0,20260514,2026/5/14 15:38,
TAG202605140117,首次支付会员期限类型,user_first_pay_vip_period_type,用户会员标签,会员周期,uuid,Lovart,海外,string,STRING,首次支付会员期限类型,已上线,首次支付会员期限类型,首次,日,T+1,dwd_c_order_detail_df,dws_ad_uuid_cp_user_profile_df,first_pay_vip_period_type,dws_ad_uuid_cp_user_profile_df,,,fengjun,,,,,v1.0,20260514,2026/5/14 15:38,
TAG202605140118,支付笔数,user_pay_cnt,用户会员标签,付费行为,uuid,Lovart,海外,number,BIGINT,支付笔数,已上线,支付笔数,截至统计分区,日,T+1,dwd_c_order_detail_df,dws_ad_uuid_cp_user_profile_df,pay_cnt,dws_ad_uuid_cp_user_profile_df,,,fengjun,,,,,v1.0,20260514,2026/5/14 15:38,
TAG202605140119,续费笔数,user_renew_cnt,用户会员标签,续费退款,uuid,Lovart,海外,number,BIGINT,续费笔数,已上线,续费笔数,截至统计分区,日,T+1,dwd_c_order_detail_df,dws_ad_uuid_cp_user_profile_df,renew_cnt,dws_ad_uuid_cp_user_profile_df,,,fengjun,,,,,v1.0,20260514,2026/5/14 15:38,
TAG202605140120,总支付笔数,user_total_pay_cnt,用户会员标签,付费行为,uuid,Lovart,海外,number,BIGINT,总支付笔数,已上线,总支付笔数,历史累计,日,T+1,dwd_c_order_detail_df,dws_ad_uuid_cp_user_profile_df,total_pay_cnt,dws_ad_uuid_cp_user_profile_df,,,fengjun,,,,,v1.0,20260514,2026/5/14 15:38,
TAG202605140121,VIP业务流水号,user_vip_biz_id,用户会员标签,付费行为,uuid,Lovart,海外,string,STRING,VIP业务流水号,已上线,VIP业务流水号,截至统计分区,日,T+1,dwd_c_order_detail_df,dws_ad_uuid_cp_user_profile_df,vip_biz_id,dws_ad_uuid_cp_user_profile_df,,,fengjun,,,,,v1.0,20260514,2026/5/14 15:38,
TAG202605140122,VIP SKU名称,user_sku_name,用户会员标签,付费行为,uuid,Lovart,海外,string,STRING,VIP SKU名称,已上线,VIP SKU名称,截至统计分区,日,T+1,dwd_c_order_detail_df,dws_ad_uuid_cp_user_profile_df,sku_name,dws_ad_uuid_cp_user_profile_df,,,fengjun,,,,,v1.0,20260514,2026/5/14 15:38,
TAG202605140123,会员期限类型,user_vip_period_type,用户会员标签,会员周期,uuid,Lovart,海外,string,STRING,会员期限类型,已上线,会员期限类型,截至统计分区,日,T+1,dwd_c_order_detail_df,dws_ad_uuid_cp_user_profile_df,vip_period_type,dws_ad_uuid_cp_user_profile_df,,,fengjun,,,,,v1.0,20260514,2026/5/14 15:38,
TAG202605140124,会员开始时间,user_vip_start_time,用户会员标签,会员周期,uuid,Lovart,海外,string,DATETIME,会员开始时间,已上线,会员开始时间,截至统计分区,日,T+1,dws_ad_uuid_member_profile_df,dws_ad_uuid_cp_user_profile_df,vip_start_time,dws_ad_uuid_cp_user_profile_df,,,fengjun,,,,,v1.0,20260514,2026/5/14 15:38,
TAG202605140125,会员失效时间,user_vip_end_time,用户会员标签,会员周期,uuid,Lovart,海外,string,DATETIME,会员失效时间,已上线,会员失效时间,截至统计分区,日,T+1,dws_ad_uuid_member_profile_df,dws_ad_uuid_cp_user_profile_df,vip_end_time,dws_ad_uuid_cp_user_profile_df,,,fengjun,,,,,v1.0,20260514,2026/5/14 15:38,
TAG202605140126,会员剩余天数,user_vip_left_days,用户会员标签,会员周期,uuid,Lovart,海外,number,BIGINT,会员剩余天数,已上线,会员剩余天数,截至统计分区,日,T+1,dws_ad_uuid_member_profile_df,dws_ad_uuid_cp_user_profile_df,vip_left_days,dws_ad_uuid_cp_user_profile_df,,,fengjun,,,,,v1.0,20260514,2026/5/14 15:38,
TAG202605140127,待续费合同ID,user_to_renew_contract_id,用户会员标签,续费退款,uuid,Lovart,海外,string,STRING,待续费合同ID,已上线,待续费合同ID,截至统计分区,日,T+1,dwd_c_order_detail_df,dws_ad_uuid_cp_user_profile_df,to_renew_contract_id,dws_ad_uuid_cp_user_profile_df,,,fengjun,,,,,v1.0,20260514,2026/5/14 15:38,
TAG202605140128,历史待续费合同ID,user_historical_to_renew_contract_id,用户会员标签,续费退款,uuid,Lovart,海外,string,STRING,历史待续费合同ID,已上线,历史待续费合同ID,历史累计,日,T+1,dwd_c_order_detail_df,dws_ad_uuid_cp_user_profile_df,historical_to_renew_contract_id,dws_ad_uuid_cp_user_profile_df,,,fengjun,,,,,v1.0,20260514,2026/5/14 15:38,
TAG202605140129,是否待续费会员（31天）,user_to_renew,用户会员标签,续费退款,uuid,Lovart,海外,string,STRING,是否待续费会员（31天）,已上线,是否待续费会员（31天）,截至统计分区,日,T+1,dwd_c_order_detail_df,dws_ad_uuid_cp_user_profile_df,to_renew,dws_ad_uuid_cp_user_profile_df,,,fengjun,,,,,v1.0,20260514,2026/5/14 15:38,
TAG202605140130,是否待续费会员（35天）,user_historical_to_renew,用户会员标签,续费退款,uuid,Lovart,海外,string,STRING,是否待续费会员（35天）,已上线,是否待续费会员（35天）,历史累计,日,T+1,dwd_c_order_detail_df,dws_ad_uuid_cp_user_profile_df,historical_to_renew,dws_ad_uuid_cp_user_profile_df,,,fengjun,,,,,v1.0,20260514,2026/5/14 15:38,
TAG202605140131,分摊到月的金额,user_amortize_month_amount,用户会员标签,付费行为,uuid,Lovart,海外,number,"DECIMAL(38,18)",分摊到月的金额,已上线,分摊到月的金额,截至统计分区,日,T+1,dwd_c_order_detail_df,dws_ad_uuid_cp_user_profile_df,amortize_month_amount,dws_ad_uuid_cp_user_profile_df,,,fengjun,,,,,v1.0,20260514,2026/5/14 15:38,
TAG202605140132,当前会员合约开始时间,user_contract_start_time,用户会员标签,会员周期,uuid,Lovart,海外,string,DATETIME,当前会员合约开始时间,已上线,当前会员合约开始时间,截至统计分区,日,T+1,ods_c_trade_order_df,dws_ad_uuid_cp_user_profile_df,contract_start_time,dws_ad_uuid_cp_user_profile_df,,,fengjun,,,,,v1.0,20260514,2026/5/14 15:38,
TAG202605140133,"Lovart Web活跃日期列表(yyyymmdd, 增序)",user_lovart_web_active_day_list,用户行为标签,登录访问行为,uuid,Lovart,海外,array,ARRAY<STRING>,"数组字段，详见字段注释：Lovart Web活跃日期列表(yyyymmdd, 增序)",已上线,"Lovart Web活跃日期列表(yyyymmdd, 增序)",历史日期列表,日,T+1,dwd_lovart_web_event_hi,dws_uuid_active_profile_df,lovart_web_active_day_list,dws_uuid_active_profile_df,,,fengjun,,,,,v1.0,20260514,2026/5/14 15:38,
TAG202605140134,Lovart Web首次进站使用的cid,user_lovart_web_first_visit_cid,用户基础标签,渠道来源,uuid,Lovart,海外,string,STRING,Lovart Web首次进站使用的cid,已上线,Lovart Web首次进站使用的cid,首次,日,T+1,dwd_lovart_web_event_hi,dws_uuid_active_profile_df,lovart_web_first_visit_cid,dws_uuid_active_profile_df,,,fengjun,,,,,v1.0,20260514,2026/5/14 15:38,
TAG202605140135,Lovart Web首次进站使用的邀请码(没有则为空),user_lovart_web_first_visit_referral_code,用户基础标签,渠道来源,uuid,Lovart,海外,string,STRING,Lovart Web首次进站使用的邀请码(没有则为空),已上线,Lovart Web首次进站使用的邀请码(没有则为空),首次,日,T+1,dwd_lovart_web_event_hi,dws_uuid_active_profile_df,lovart_web_first_visit_referral_code,dws_uuid_active_profile_df,,,fengjun,,,,,v1.0,20260514,2026/5/14 15:38,
TAG202605140136,Lovart Web首次进站使用的渠道号(没有则为空),user_lovart_web_first_visit_utm_channel,用户基础标签,渠道来源,uuid,Lovart,海外,string,STRING,Lovart Web首次进站使用的渠道号(没有则为空),已上线,Lovart Web首次进站使用的渠道号(没有则为空),首次,日,T+1,dwd_lovart_web_event_hi,dws_uuid_active_profile_df,lovart_web_first_visit_utm_channel,dws_uuid_active_profile_df,,,fengjun,,,,,v1.0,20260514,2026/5/14 15:38,
TAG202605140137,Lovart Web首访时间,user_lovart_web_first_visit_time,用户行为标签,登录访问行为,uuid,Lovart,海外,string,DATETIME,Lovart Web首访时间,已上线,Lovart Web首访时间,首次,日,T+1,dwd_lovart_web_event_hi,dws_uuid_active_profile_df,lovart_web_first_visit_time,dws_uuid_active_profile_df,,,fengjun,,,,,v1.0,20260514,2026/5/14 15:38,
TAG202605140138,Lovart Web首访日期(yyyymmdd),user_lovart_web_first_visit_pt,用户行为标签,登录访问行为,uuid,Lovart,海外,string,STRING,Lovart Web首访日期(yyyymmdd),已上线,Lovart Web首访日期(yyyymmdd),首次,日,T+1,dwd_lovart_web_event_hi,dws_uuid_active_profile_df,lovart_web_first_visit_pt,dws_uuid_active_profile_df,,,fengjun,,,,,v1.0,20260514,2026/5/14 15:38,
TAG202605140139,Lovart Web首次访问所在国家,user_lovart_web_first_visit_country,用户基础标签,地域语言,uuid,Lovart,海外,string,STRING,Lovart Web首次访问所在国家,已上线,Lovart Web首次访问所在国家,首次,日,T+1,dwd_lovart_web_event_hi,dws_uuid_active_profile_df,lovart_web_first_visit_country,dws_uuid_active_profile_df,,,fengjun,,,,,v1.0,20260514,2026/5/14 15:38,
TAG202605140140,Lovart Web首次访问所在省份,user_lovart_web_first_visit_province,用户基础标签,地域语言,uuid,Lovart,海外,string,STRING,Lovart Web首次访问所在省份,已上线,Lovart Web首次访问所在省份,首次,日,T+1,dwd_lovart_web_event_hi,dws_uuid_active_profile_df,lovart_web_first_visit_province,dws_uuid_active_profile_df,,,fengjun,,,,,v1.0,20260514,2026/5/14 15:38,
TAG202605140141,Lovart Web末次进站使用的cid,user_lovart_web_last_visit_cid,用户基础标签,渠道来源,uuid,Lovart,海外,string,STRING,Lovart Web末次进站使用的cid,已上线,Lovart Web末次进站使用的cid,最近一次,日,T+1,dwd_lovart_web_event_hi,dws_uuid_active_profile_df,lovart_web_last_visit_cid,dws_uuid_active_profile_df,,,fengjun,,,,,v1.0,20260514,2026/5/14 15:38,
TAG202605140142,Lovart Web末次进站使用的邀请码(没有则为空),user_lovart_web_last_visit_referral_code,用户基础标签,渠道来源,uuid,Lovart,海外,string,STRING,Lovart Web末次进站使用的邀请码(没有则为空),已上线,Lovart Web末次进站使用的邀请码(没有则为空),最近一次,日,T+1,dwd_lovart_web_event_hi,dws_uuid_active_profile_df,lovart_web_last_visit_referral_code,dws_uuid_active_profile_df,,,fengjun,,,,,v1.0,20260514,2026/5/14 15:38,
TAG202605140143,Lovart Web末次进站使用的渠道号(没有则为空),user_lovart_web_last_visit_utm_channel,用户基础标签,渠道来源,uuid,Lovart,海外,string,STRING,Lovart Web末次进站使用的渠道号(没有则为空),已上线,Lovart Web末次进站使用的渠道号(没有则为空),最近一次,日,T+1,dwd_lovart_web_event_hi,dws_uuid_active_profile_df,lovart_web_last_visit_utm_channel,dws_uuid_active_profile_df,,,fengjun,,,,,v1.0,20260514,2026/5/14 15:38,
TAG202605140144,Lovart Web末次访时间,user_lovart_web_last_visit_time,用户行为标签,登录访问行为,uuid,Lovart,海外,string,DATETIME,Lovart Web末次访时间,已上线,Lovart Web末次访时间,最近一次,日,T+1,dwd_lovart_web_event_hi,dws_uuid_active_profile_df,lovart_web_last_visit_time,dws_uuid_active_profile_df,,,fengjun,,,,,v1.0,20260514,2026/5/14 15:38,
TAG202605140145,Lovart Web末次访日期(yyyymmdd),user_lovart_web_last_visit_pt,用户行为标签,登录访问行为,uuid,Lovart,海外,string,STRING,Lovart Web末次访日期(yyyymmdd),已上线,Lovart Web末次访日期(yyyymmdd),最近一次,日,T+1,dwd_lovart_web_event_hi,dws_uuid_active_profile_df,lovart_web_last_visit_pt,dws_uuid_active_profile_df,,,fengjun,,,,,v1.0,20260514,2026/5/14 15:38,
TAG202605140146,Lovart Web末次访问所在国家,user_lovart_web_last_visit_country,用户基础标签,地域语言,uuid,Lovart,海外,string,STRING,Lovart Web末次访问所在国家,已上线,Lovart Web末次访问所在国家,最近一次,日,T+1,dwd_lovart_web_event_hi,dws_uuid_active_profile_df,lovart_web_last_visit_country,dws_uuid_active_profile_df,,,fengjun,,,,,v1.0,20260514,2026/5/14 15:38,
TAG202605140147,Lovart Web末次访问所在省份,user_lovart_web_last_visit_province,用户基础标签,地域语言,uuid,Lovart,海外,string,STRING,Lovart Web末次访问所在省份,已上线,Lovart Web末次访问所在省份,最近一次,日,T+1,dwd_lovart_web_event_hi,dws_uuid_active_profile_df,lovart_web_last_visit_province,dws_uuid_active_profile_df,,,fengjun,,,,,v1.0,20260514,2026/5/14 15:38,
TAG202605140148,Lovart Web首次使用的邀请码(没有则为空),user_first_use_referral_code,用户基础标签,渠道来源,uuid,Lovart,海外,string,STRING,Lovart Web首次使用的邀请码(没有则为空),已上线,Lovart Web首次使用的邀请码(没有则为空),首次,日,T+1,ods_op_experience_code_usage_df,dws_uuid_active_profile_df,first_use_referral_code,dws_uuid_active_profile_df,,,fengjun,,,,,v1.0,20260514,2026/5/14 15:38,
TAG202605140149,Lovart Web首次使用邀请码时间(没有则为空),user_first_use_user_time,用户基础标签,渠道来源,uuid,Lovart,海外,string,DATETIME,Lovart Web首次使用邀请码时间(没有则为空),已上线,Lovart Web首次使用邀请码时间(没有则为空),首次,日,T+1,ods_op_experience_code_usage_df,dws_uuid_active_profile_df,first_use_user_time,dws_uuid_active_profile_df,,,fengjun,,,,,v1.0,20260514,2026/5/14 15:38,
TAG202605140150,"Lovart Web首次使用邀请码日期(yyyymmdd,  没有则为空)",user_first_use_user_pt,用户基础标签,渠道来源,uuid,Lovart,海外,string,STRING,"Lovart Web首次使用邀请码日期(yyyymmdd,  没有则为空)",已上线,"Lovart Web首次使用邀请码日期(yyyymmdd,  没有则为空)",首次,日,T+1,ods_op_experience_code_usage_df,dws_uuid_active_profile_df,first_use_user_pt,dws_uuid_active_profile_df,,,fengjun,,,,,v1.0,20260514,2026/5/14 15:38,
